animal_type,height_cm,weight_kg
Bird,28.910179640718564,1.9760479041916168
Cat,21.997009040853783,5.002379172048127
Dog,61.99315130419059,23.440486415623162
Livestock,16.555555555555557,10.0
Other,52.130148270181216,11.551188514944693
